{
    "n_estimators": 2410,
    "max_depth": 5,
    "min_child_weight": 13,
    "gamma": 2.372524993310688,
    "subsample": 0.7462741587810254,
    "colsample_bytree": 0.6076272376281038,
    "reg_alpha": 1.3240662642357892,
    "reg_lambda": 2.586392652975843,
    "learning_rate": 0.03332460602580017
}