{
    "selection_percentile": 32,
    "selection_rf_max_feats": 44,
    "length_scale": 6.124209435262154,
    "alpha": 0.669737299146556,
    "gp_alpha": 2.965074241784881e-09
}